{
  "num_features": 32,
  "avg_nodes": 2136.92795389049,
  "avg_edges": 42738.5590778098,
  "max_nodes": 6532,
  "max_edges": 130640,
  "num_graphs": 347
}
