{
  "num_features": 32,
  "avg_nodes": 2136.92795389049,
  "avg_edges": 66921.29106628241,
  "max_nodes": 6532,
  "max_edges": 209024,
  "num_graphs": 347
}
