{
  "num_features": 32,
  "avg_nodes": 2136.92795389049,
  "avg_edges": 21369.2795389049,
  "max_nodes": 6532,
  "max_edges": 65320,
  "num_graphs": 347
}
