{
  "num_features": 32,
  "avg_nodes": 2136.92795389049,
  "avg_edges": 48469.63688760807,
  "max_nodes": 6532,
  "max_edges": 205806,
  "num_graphs": 347
}
