{
  "num_features": 32,
  "avg_nodes": 2136.92795389049,
  "avg_edges": 64107.22190201729,
  "max_nodes": 6532,
  "max_edges": 195960,
  "num_graphs": 347
}
