{
  "num_features": 32,
  "avg_nodes": 2136.92795389049,
  "avg_edges": 4273.85590778098,
  "max_nodes": 6532,
  "max_edges": 13064,
  "num_graphs": 347
}
