{
  "num_features": 2000,
  "avg_nodes": 4492.647798742139,
  "avg_edges": 134779.43396226416,
  "max_nodes": 14683,
  "max_edges": 440490,
  "num_graphs": 159
}
