{
  "num_features": 40,
  "avg_nodes": 2165.3424657534247,
  "avg_edges": 3324.0068493150684,
  "max_nodes": 4038,
  "max_edges": 10284,
  "num_graphs": 292
}
