{
  "num_features": 40,
  "avg_nodes": 2165.3424657534247,
  "avg_edges": 43306.849315068495,
  "max_nodes": 4038,
  "max_edges": 80760,
  "num_graphs": 292
}
