{
  "num_features": 40,
  "avg_nodes": 2165.3424657534247,
  "avg_edges": 9509.780821917808,
  "max_nodes": 4038,
  "max_edges": 26154,
  "num_graphs": 292
}
