{
  "num_features": 40,
  "avg_nodes": 2165.3424657534247,
  "avg_edges": 64960.27397260274,
  "max_nodes": 4038,
  "max_edges": 121140,
  "num_graphs": 292
}
