{
  "num_features": 40,
  "avg_nodes": 2165.3424657534247,
  "avg_edges": 21653.424657534248,
  "max_nodes": 4038,
  "max_edges": 40380,
  "num_graphs": 292
}
