{
  "num_features": 40,
  "avg_nodes": 2165.3424657534247,
  "avg_edges": 17535.719178082192,
  "max_nodes": 4038,
  "max_edges": 48550,
  "num_graphs": 292
}
