{
  "num_features": 2000,
  "avg_nodes": 1858.095238095238,
  "avg_edges": 18580.95238095238,
  "max_nodes": 5747,
  "max_edges": 57470,
  "num_graphs": 126
}
