{
  "num_features": 58,
  "avg_nodes": 844.3954248366013,
  "avg_edges": 8413.578431372549,
  "max_nodes": 6544,
  "max_edges": 169064,
  "num_graphs": 306
}
