{
  "num_features": 58,
  "avg_nodes": 844.3954248366013,
  "avg_edges": 25312.901960784315,
  "max_nodes": 6544,
  "max_edges": 196320,
  "num_graphs": 306
}
