{
  "num_features": 58,
  "avg_nodes": 844.3954248366013,
  "avg_edges": 15811.388888888889,
  "max_nodes": 6544,
  "max_edges": 205100,
  "num_graphs": 306
}
