{
  "num_features": 2000,
  "avg_nodes": 1858.095238095238,
  "avg_edges": 37161.90476190476,
  "max_nodes": 5747,
  "max_edges": 114940,
  "num_graphs": 126
}
