{
  "num_features": 58,
  "avg_nodes": 844.3954248366013,
  "avg_edges": 20312.944444444445,
  "max_nodes": 6544,
  "max_edges": 208423,
  "num_graphs": 306
}
