{
  "num_features": 2000,
  "avg_nodes": 1858.095238095238,
  "avg_edges": 55742.857142857145,
  "max_nodes": 5747,
  "max_edges": 172410,
  "num_graphs": 126
}
