{
  "num_features": 30,
  "avg_nodes": 160.66994966075728,
  "avg_edges": 1604.4937623112278,
  "max_nodes": 1228,
  "max_edges": 12280,
  "num_graphs": 4569
}
