{
  "num_features": 30,
  "avg_nodes": 160.66994966075728,
  "avg_edges": 481.863865178376,
  "max_nodes": 1228,
  "max_edges": 14330,
  "num_graphs": 4569
}
