{
  "num_features": 161,
  "avg_nodes": 28551.333333333332,
  "avg_edges": 913576.0833333334,
  "max_nodes": 73655,
  "max_edges": 2356960,
  "num_graphs": 36
}
