{
  "num_features": 2000,
  "avg_nodes": 23757.38823529412,
  "avg_edges": 712721.6470588235,
  "max_nodes": 37742,
  "max_edges": 1132260,
  "num_graphs": 85
}
