{
  "num_features": 30,
  "avg_nodes": 160.66994966075728,
  "avg_edges": 1858.4136572554169,
  "max_nodes": 1228,
  "max_edges": 38547,
  "num_graphs": 4569
}
