{
  "num_features": 161,
  "avg_nodes": 28551.333333333332,
  "avg_edges": 913161.6944444445,
  "max_nodes": 73655,
  "max_edges": 2356559,
  "num_graphs": 36
}
