{
  "num_features": 30,
  "avg_nodes": 160.66994966075728,
  "avg_edges": 3998.825563580652,
  "max_nodes": 1228,
  "max_edges": 30700,
  "num_graphs": 4569
}
