{
  "num_features": 30,
  "avg_nodes": 160.66994966075728,
  "avg_edges": 3202.8588312541037,
  "max_nodes": 1228,
  "max_edges": 24560,
  "num_graphs": 4569
}
