{
  "num_features": 30,
  "avg_nodes": 160.66994966075728,
  "avg_edges": 2404.620704749398,
  "max_nodes": 1228,
  "max_edges": 18420,
  "num_graphs": 4569
}
