{
  "num_features": 161,
  "avg_nodes": 28551.333333333332,
  "avg_edges": 285513.3333333333,
  "max_nodes": 73655,
  "max_edges": 736550,
  "num_graphs": 36
}
