{
  "num_features": 30,
  "avg_nodes": 160.66994966075728,
  "avg_edges": 4792.265703655066,
  "max_nodes": 1228,
  "max_edges": 36840,
  "num_graphs": 4569
}
