{
  "num_features": 2000,
  "avg_nodes": 23757.38823529412,
  "avg_edges": 316832.55294117646,
  "max_nodes": 37742,
  "max_edges": 691640,
  "num_graphs": 85
}
