{
  "num_features": 30,
  "avg_nodes": 160.66994966075728,
  "avg_edges": 5582.8789669511925,
  "max_nodes": 1228,
  "max_edges": 42980,
  "num_graphs": 4569
}
