{
  "num_features": 30,
  "avg_nodes": 160.66994966075728,
  "avg_edges": 1088.4762530094113,
  "max_nodes": 1228,
  "max_edges": 32435,
  "num_graphs": 4569
}
