{
  "num_features": 161,
  "avg_nodes": 28551.333333333332,
  "avg_edges": 571026.6666666666,
  "max_nodes": 73655,
  "max_edges": 1473100,
  "num_graphs": 36
}
