{
  "num_features": 22,
  "avg_nodes": 7029.918831168831,
  "avg_edges": 181814.9383116883,
  "max_nodes": 19826,
  "max_edges": 631477,
  "num_graphs": 308
}
