{
  "num_features": 22,
  "avg_nodes": 7029.918831168831,
  "avg_edges": 70299.18831168831,
  "max_nodes": 19826,
  "max_edges": 198260,
  "num_graphs": 308
}
