{
  "num_features": 22,
  "avg_nodes": 7029.918831168831,
  "avg_edges": 212627.55194805196,
  "max_nodes": 19826,
  "max_edges": 634172,
  "num_graphs": 308
}
