{
  "num_features": 22,
  "avg_nodes": 7029.918831168831,
  "avg_edges": 210897.56493506493,
  "max_nodes": 19826,
  "max_edges": 594780,
  "num_graphs": 308
}
