{
  "num_features": 22,
  "avg_nodes": 7029.918831168831,
  "avg_edges": 96542.40584415584,
  "max_nodes": 19826,
  "max_edges": 436695,
  "num_graphs": 308
}
