{
  "num_features": 22,
  "avg_nodes": 7029.918831168831,
  "avg_edges": 140598.37662337662,
  "max_nodes": 19826,
  "max_edges": 396520,
  "num_graphs": 308
}
